{
  "architecture": "mobilenetv2",
  "image_size": [
    224,
    224
  ],
  "batch_size": 32,
  "epochs": 10,
  "initial_lr": 0.0001,
  "class_weights": {
    "NORMAL": 0.5111938754396855,
    "PNEUMONIA": 22.833641404805913
  },
  "dataset": "ChestX-ray14",
  "dataset_sizes": {
    "train_normal": 48330,
    "train_pneumonia": 1082,
    "val_normal": 12082,
    "val_pneumonia": 271
  },
  "final_metrics": {
    "train_accuracy": 0.6627135276794434,
    "train_loss": 0.6173149347305298,
    "val_accuracy": 0.6468064188957214,
    "val_loss": 0.6370323896408081,
    "val_auc": 0.7533795833587646
  }
}